Row;Angle;Nominativo;Gruppo;Color
10;0;BERSANI Pier Luigi;LIBERI E UGUALI;#711919
11;0;BORGHESE Mario Alejandro;Maie;#ebc6e9
12;0;CECCONI Andrea;Maie;#ebc6e9
13;0;CONTE Federico;LIBERI E UGUALI;#711919
14;0;DE LORENZO Rina;LIBERI E UGUALI;#711919
15;0;EPIFANI Ettore Guglielmo;LIBERI E UGUALI;#711919
16;0;FASSINA Stefano;LIBERI E UGUALI;#711919
17;0;FORNARO Federico;LIBERI E UGUALI;#711919
18;0;FRATOIANNI Nicola;LIBERI E UGUALI;#711919
19;0;LONGO Fausto;Maie;#ebc6e9
20;0;MURONI Rossella;LIBERI E UGUALI;#711919
21;0;PALAZZOTTO Erasmo;LIBERI E UGUALI;#711919
22;0;PASTORINO Luca;LIBERI E UGUALI;#711919
23;0;SPERANZA Roberto;LIBERI E UGUALI;#711919
24;0;STUMPO Nicola;LIBERI E UGUALI;#711919
10;1;TASSO Antonio;Maie;#ebc6e9
11;1;ASCANI Anna;PARTITO DEMOCRATICO;#ff0000
12;1;BAZOLI Alfredo;PARTITO DEMOCRATICO;#ff0000
13;1;BENAMATI Gianluca;PARTITO DEMOCRATICO;#ff0000
14;1;BERLINGHIERI Marina;PARTITO DEMOCRATICO;#ff0000
15;1;BOCCIA Francesco;PARTITO DEMOCRATICO;#ff0000
16;1;BOLDRINI Laura;PARTITO DEMOCRATICO;#ff0000
17;1;BONOMO Francesca;PARTITO DEMOCRATICO;#ff0000
18;1;BORDO Michele;PARTITO DEMOCRATICO;#ff0000
19;1;BORGHI Enrico;PARTITO DEMOCRATICO;#ff0000
20;1;BRAGA Chiara;PARTITO DEMOCRATICO;#ff0000
21;1;BRUNO BOSSIO Vincenza;PARTITO DEMOCRATICO;#ff0000
22;1;BURATTI Umberto;PARTITO DEMOCRATICO;#ff0000
23;1;CAMPANA Micaela;PARTITO DEMOCRATICO;#ff0000
24;1;CANTINI Laura;PARTITO DEMOCRATICO;#ff0000
10;2;CANTONE Carla;PARTITO DEMOCRATICO;#ff0000
11;2;CAPPELLANI Santi;PARTITO DEMOCRATICO;#ff0000
12;2;CARE' Nicola;PARTITO DEMOCRATICO;#ff0000
13;2;CARNEVALI Elena;PARTITO DEMOCRATICO;#ff0000
14;2;CECCANTI Stefano;PARTITO DEMOCRATICO;#ff0000
15;2;CENNI Susanna;PARTITO DEMOCRATICO;#ff0000
16;2;CIAMPI Lucia;PARTITO DEMOCRATICO;#ff0000
17;2;CRITELLI Francesco;PARTITO DEMOCRATICO;#ff0000
18;2;DAL MORO Gian Pietro;PARTITO DEMOCRATICO;#ff0000
19;2;DE FILIPPO Vito;PARTITO DEMOCRATICO;#ff0000
20;2;DEL BASSO DE CARO Umberto;PARTITO DEMOCRATICO;#ff0000
21;2;DELRIO Graziano;PARTITO DEMOCRATICO;#ff0000
22;2;DE LUCA Piero;PARTITO DEMOCRATICO;#ff0000
23;2;DE MARIA Andrea;PARTITO DEMOCRATICO;#ff0000
24;2;DE MENECH Roger;PARTITO DEMOCRATICO;#ff0000
10;3;DE MICHELI Paola;PARTITO DEMOCRATICO;#ff0000
11;3;DI GIORGI #ffc8ec Maria;PARTITO DEMOCRATICO;#ff0000
12;3;FASSINO Piero;PARTITO DEMOCRATICO;#ff0000
13;3;FIANO Emanuele;PARTITO DEMOCRATICO;#ff0000
14;3;FRAGOMELI Gian Mario;PARTITO DEMOCRATICO;#ff0000
15;3;FRAILIS Andrea;PARTITO DEMOCRATICO;#ff0000
16;3;FRANCESCHINI Dario;PARTITO DEMOCRATICO;#ff0000
17;3;GARIGLIO Davide;PARTITO DEMOCRATICO;#ff0000
18;3;GIORGIS Andrea;PARTITO DEMOCRATICO;#ff0000
19;3;GRIBAUDO Chiara;PARTITO DEMOCRATICO;#ff0000
20;3;GUALTIERI Roberto;PARTITO DEMOCRATICO;#ff0000
21;3;GUERINI Lorenzo;PARTITO DEMOCRATICO;#ff0000
22;3;INCERTI Antonella;PARTITO DEMOCRATICO;#ff0000
23;3;LACARRA Marco;PARTITO DEMOCRATICO;#ff0000
24;3;LA MARCA Francesca;PARTITO DEMOCRATICO;#ff0000
10;4;LATTANZIO Paolo;PARTITO DEMOCRATICO;#ff0000
11;4;LEPRI Stefano;PARTITO DEMOCRATICO;#ff0000
12;4;LORENZIN Beatrice;PARTITO DEMOCRATICO;#ff0000
13;4;LOSACCO Alberto;PARTITO DEMOCRATICO;#ff0000
14;4;LOTTI Luca;PARTITO DEMOCRATICO;#ff0000
15;4;MADIA Maria Anna;PARTITO DEMOCRATICO;#ff0000
16;4;MANCA Gavino;PARTITO DEMOCRATICO;#ff0000
17;4;MANCINI Claudio;PARTITO DEMOCRATICO;#ff0000
18;4;MAURI Matteo;PARTITO DEMOCRATICO;#ff0000
19;4;MELILLI Fabio;PARTITO DEMOCRATICO;#ff0000
20;4;MICELI Carmelo;PARTITO DEMOCRATICO;#ff0000
21;4;MINNITI Marco;PARTITO DEMOCRATICO;#ff0000
22;4;MORANI Alessia;PARTITO DEMOCRATICO;#ff0000
23;4;MORASSUT Roberto;PARTITO DEMOCRATICO;#ff0000
24;4;MORGONI Mario;PARTITO DEMOCRATICO;#ff0000
10;5;MURA Romina;PARTITO DEMOCRATICO;#ff0000
11;5;NARDI Martina;PARTITO DEMOCRATICO;#ff0000
12;5;NAVARRA Pietro;PARTITO DEMOCRATICO;#ff0000
13;5;NITTI Michele;PARTITO DEMOCRATICO;#ff0000
14;5;ORFINI Matteo;PARTITO DEMOCRATICO;#ff0000
15;5;ORLANDO Andrea;PARTITO DEMOCRATICO;#ff0000
16;5;PAGANI Alberto;PARTITO DEMOCRATICO;#ff0000
17;5;PAGANO Ubaldo;PARTITO DEMOCRATICO;#ff0000
18;5;PELLICANI Nicola;PARTITO DEMOCRATICO;#ff0000
19;5;PEZZOPANE Stefania;PARTITO DEMOCRATICO;#ff0000
20;5;PICCOLI NARDELLI Flavia;PARTITO DEMOCRATICO;#ff0000
21;5;PINI Giuditta;PARTITO DEMOCRATICO;#ff0000
22;5;PIZZETTI Luciano;PARTITO DEMOCRATICO;#ff0000
23;5;POLLASTRINI Barbara;PARTITO DEMOCRATICO;#ff0000
24;5;PRESTIPINO Patrizia;PARTITO DEMOCRATICO;#ff0000
10;6;QUARTAPELLE PROCOPIO Lia;PARTITO DEMOCRATICO;#ff0000
11;6;RACITI Fausto;PARTITO DEMOCRATICO;#ff0000
12;6;RIZZO NERVO Luca;PARTITO DEMOCRATICO;#ff0000
13;6;ROMANO Andrea;PARTITO DEMOCRATICO;#ff0000
14;6;ROSSI Andrea;PARTITO DEMOCRATICO;#ff0000
15;6;ROTTA Alessia;PARTITO DEMOCRATICO;#ff0000
16;6;SANGA Giovanni;PARTITO DEMOCRATICO;#ff0000
17;6;SANI Luca;PARTITO DEMOCRATICO;#ff0000
18;6;SCHIRO' Angela;PARTITO DEMOCRATICO;#ff0000
19;6;SENSI Filippo;PARTITO DEMOCRATICO;#ff0000
20;6;SERRACCHIANI Debora;PARTITO DEMOCRATICO;#ff0000
21;6;SIANI Paolo;PARTITO DEMOCRATICO;#ff0000
22;6;SOVERINI Serse;PARTITO DEMOCRATICO;#ff0000
23;6;TOPO Raffaele;PARTITO DEMOCRATICO;#ff0000
24;6;VAZIO Franco;PARTITO DEMOCRATICO;#ff0000
10;7;VERINI Walter;PARTITO DEMOCRATICO;#ff0000
11;7;VISCOMI Antonio;PARTITO DEMOCRATICO;#ff0000
12;7;ZAN Alessandro;PARTITO DEMOCRATICO;#ff0000
13;7;ZARDINI Diego;PARTITO DEMOCRATICO;#ff0000
14;7;ANNIBALI Lucia;ITALIA VIVA;#ffc8ec
15;7;ANZALDI Michele;ITALIA VIVA;#ffc8ec
16;7;BENDINELLI Davide;ITALIA VIVA;#ffc8ec
17;7;BOSCHI Maria Elena;ITALIA VIVA;#ffc8ec
18;7;COLANINNO Matteo;ITALIA VIVA;#ffc8ec
19;7;D'ALESSANDRO Camillo;ITALIA VIVA;#ffc8ec
20;7;DEL BARBA Mauro;ITALIA VIVA;#ffc8ec
21;7;DI MAIO Marco;ITALIA VIVA;#ffc8ec
22;7;FERRI Cosimo Maria;ITALIA VIVA;#ffc8ec
23;7;FREGOLENT Silvia;ITALIA VIVA;#ffc8ec
24;7;GADDA Maria Chiara;ITALIA VIVA;#ffc8ec
10;8;GIACHETTI Roberto;ITALIA VIVA;#ffc8ec
11;8;LIBRANDI Gianfranco;ITALIA VIVA;#ffc8ec
12;8;MARATTIN Luigi;ITALIA VIVA;#ffc8ec
13;8;MIGLIORE Gennaro;ITALIA VIVA;#ffc8ec
14;8;MOR Mattia;ITALIA VIVA;#ffc8ec
15;8;MORETTO Sara;ITALIA VIVA;#ffc8ec
16;8;NOBILI Luciano;ITALIA VIVA;#ffc8ec
17;8;NOJA Lisa;ITALIA VIVA;#ffc8ec
18;8;OCCHIONERO Giuseppina;ITALIA VIVA;#ffc8ec
19;8;PAITA Raffaella;ITALIA VIVA;#ffc8ec
20;8;PORTAS Giacomo;ITALIA VIVA;#ffc8ec
21;8;#ffc8ecTO Ettore;ITALIA VIVA;#ffc8ec
22;8;ROSTAN Michela;ITALIA VIVA;#ffc8ec
23;8;SCALFAROTTO Ivan;ITALIA VIVA;#ffc8ec
24;8;SCOMA Francesco;ITALIA VIVA;#ffc8ec
10;9;TOCCAFONDI Gabriele;ITALIA VIVA;#ffc8ec
11;9;UNGARO Massimo;ITALIA VIVA;#ffc8ec
12;9;VITIELLO Catello;ITALIA VIVA;#ffc8ec
13;9;ADELIZZI Cosimo;MOVIMENTO 5 STELLE;#fad140
14;9;AIELLO Davide;MOVIMENTO 5 STELLE;#fad140
15;9;ALAIMO Roberta;MOVIMENTO 5 STELLE;#fad140
16;9;ALEMANNO Maria Soave;MOVIMENTO 5 STELLE;#fad140
17;9;AMITRANO Alessandro;MOVIMENTO 5 STELLE;#fad140
18;9;ARESTA Giovanni Luca;MOVIMENTO 5 STELLE;#fad140
19;9;ASCARI Stefania;MOVIMENTO 5 STELLE;#fad140
20;9;AZZOLINA Lucia;MOVIMENTO 5 STELLE;#fad140
21;9;BALDINO Vittoria;MOVIMENTO 5 STELLE;#fad140
22;9;BARBUTO Elisabetta Maria;MOVIMENTO 5 STELLE;#fad140
23;9;BARONI Massimo Enrico;MOVIMENTO 5 STELLE;#fad140
24;9;BARZOTTI Valentina;MOVIMENTO 5 STELLE;#fad140
10;10;BATTELLI Sergio;MOVIMENTO 5 STELLE;#fad140
11;10;BELLA Marco;MOVIMENTO 5 STELLE;#fad140
12;10;BERTI Francesco;MOVIMENTO 5 STELLE;#fad140
13;10;BILOTTI Anna;MOVIMENTO 5 STELLE;#fad140
14;10;BONAFEDE Alfonso;MOVIMENTO 5 STELLE;#fad140
15;10;BRESCIA Giuseppe;MOVIMENTO 5 STELLE;#fad140
16;10;BRUNO Raffaele;MOVIMENTO 5 STELLE;#fad140
17;10;BUFFAGNI Stefano;MOVIMENTO 5 STELLE;#fad140
18;10;BUOMPANE Giuseppe;MOVIMENTO 5 STELLE;#fad140
19;10;BUSINAROLO Francesca;MOVIMENTO 5 STELLE;#fad140
20;10;CABRAS Pino;MOVIMENTO 5 STELLE;#fad140
21;10;CADEDDU Luciano;MOVIMENTO 5 STELLE;#fad140
22;10;CANCELLERI Azzurra Pia Maria;MOVIMENTO 5 STELLE;#fad140
23;10;CANTONE Luciano;MOVIMENTO 5 STELLE;#fad140
24;10;CARABETTA Luca;MOVIMENTO 5 STELLE;#fad140
10;11;CARBONARO Alessandra;MOVIMENTO 5 STELLE;#fad140
11;11;CARELLI Emilio;MOVIMENTO 5 STELLE;#fad140
12;11;CARINELLI Paola;MOVIMENTO 5 STELLE;#fad140
13;11;CASA Vittoria;MOVIMENTO 5 STELLE;#fad140
14;11;CASO Andrea;MOVIMENTO 5 STELLE;#fad140
15;11;CASSESE Gianpaolo;MOVIMENTO 5 STELLE;#fad140
16;11;CASTELLI Laura;MOVIMENTO 5 STELLE;#fad140
17;11;CATALDI Roberto;MOVIMENTO 5 STELLE;#fad140
18;11;CATTOI Maurizio;MOVIMENTO 5 STELLE;#fad140
19;11;CHIAZZESE Giuseppe;MOVIMENTO 5 STELLE;#fad140
20;11;CILLIS Luciano;MOVIMENTO 5 STELLE;#fad140
21;11;CIMINO #ffc8eclba;MOVIMENTO 5 STELLE;#fad140
22;11;CIPRINI Tiziana;MOVIMENTO 5 STELLE;#fad140
23;11;COLLETTI Andrea;MOVIMENTO 5 STELLE;#fad140
24;11;COMINARDI Claudio;MOVIMENTO 5 STELLE;#fad140
10;12;CORDA Emanuela;MOVIMENTO 5 STELLE;#fad140
11;12;CORNELI Valentina;MOVIMENTO 5 STELLE;#fad140
12;12;COSTANZO Jessica;MOVIMENTO 5 STELLE;#fad140
13;12;CRIPPA Davide;MOVIMENTO 5 STELLE;#fad140
14;12;CUBEDDU Sebastiano;MOVIMENTO 5 STELLE;#fad140
15;12;CURRO' Giovanni;MOVIMENTO 5 STELLE;#fad140
16;12;DADONE Fabiana;MOVIMENTO 5 STELLE;#fad140
17;12;DAGA Federica;MOVIMENTO 5 STELLE;#fad140
18;12;D'AMBROSIO Giuseppe;MOVIMENTO 5 STELLE;#fad140
19;12;D'ARRANDO Celeste;MOVIMENTO 5 STELLE;#fad140
20;12;DE CARLO Sabrina;MOVIMENTO 5 STELLE;#fad140
21;12;DEIANA Paola;MOVIMENTO 5 STELLE;#fad140
22;12;DEL G#ff0000 Daniele;MOVIMENTO 5 STELLE;#fad140
23;12;DEL MONACO Antonio;MOVIMENTO 5 STELLE;#fad140
24;12;DE LORENZIS Diego;MOVIMENTO 5 STELLE;#fad140
10;13;DEL RE Emanuela Claudia;MOVIMENTO 5 STELLE;#fad140
11;13;DEL SESTO Margherita;MOVIMENTO 5 STELLE;#fad140
12;13;DIENI Federica;MOVIMENTO 5 STELLE;#fad140
13;13;DI LAURO Carmen;MOVIMENTO 5 STELLE;#fad140
14;13;DI MAIO Luigi;MOVIMENTO 5 STELLE;#fad140
15;13;D'INCA' Federico;MOVIMENTO 5 STELLE;#fad140
16;13;D'IPPOLITO Giuseppe;MOVIMENTO 5 STELLE;#fad140
17;13;DI SARNO Gianfranco;MOVIMENTO 5 STELLE;#fad140
18;13;DI STASIO Iolanda;MOVIMENTO 5 STELLE;#fad140
19;13;DI STEFANO Manlio;MOVIMENTO 5 STELLE;#fad140
20;13;DONNO Leonardo;MOVIMENTO 5 STELLE;#fad140
21;13;DORI Devis;MOVIMENTO 5 STELLE;#fad140
22;13;D'ORSO Valentina;MOVIMENTO 5 STELLE;#fad140
23;13;D'UVA Francesco;MOVIMENTO 5 STELLE;#fad140
24;13;EHM Yana Chiara;MOVIMENTO 5 STELLE;#fad140
10;14;EMILIOZZI Mirella;MOVIMENTO 5 STELLE;#fad140
11;14;FANTINATI Mattia;MOVIMENTO 5 STELLE;#fad140
12;14;FARO Marialuisa;MOVIMENTO 5 STELLE;#fad140
13;14;FEDERICO Antonio;MOVIMENTO 5 STELLE;#fad140
14;14;FERRARESI Vittorio;MOVIMENTO 5 STELLE;#fad140
15;14;FICARA Paolo;MOVIMENTO 5 STELLE;#fad140
16;14;FICO Roberto;MOVIMENTO 5 STELLE;#fad140
17;14;FLATI Francesca;MOVIMENTO 5 STELLE;#fad140
18;14;FONTANA Ilaria;MOVIMENTO 5 STELLE;#fad140
19;14;FORCINITI Francesco;MOVIMENTO 5 STELLE;#fad140
20;14;FRACCARO Riccardo;MOVIMENTO 5 STELLE;#fad140
21;14;FRUSONE Luca;MOVIMENTO 5 STELLE;#fad140
22;14;GAGNARLI Chiara;MOVIMENTO 5 STELLE;#fad140
23;14;GALIZIA Francesca;MOVIMENTO 5 STELLE;#fad140
24;14;GALLINELLA Filippo;MOVIMENTO 5 STELLE;#fad140
10;15;GALLO Luigi;MOVIMENTO 5 STELLE;#fad140
11;15;GIARRIZZO Andrea;MOVIMENTO 5 STELLE;#fad140
12;15;GIORDANO Conny;MOVIMENTO 5 STELLE;#fad140
13;15;GIULIANO Carla;MOVIMENTO 5 STELLE;#fad140
14;15;GIULIODORI Paolo;MOVIMENTO 5 STELLE;#fad140
15;15;GRANDE Marta;MOVIMENTO 5 STELLE;#fad140
16;15;GRILLO Giulia;MOVIMENTO 5 STELLE;#fad140
17;15;GRIMALDI Nicola;MOVIMENTO 5 STELLE;#fad140
18;15;GRIPPA Carmela;MOVIMENTO 5 STELLE;#fad140
19;15;GUBITOSA Michele;MOVIMENTO 5 STELLE;#fad140
20;15;IANARO Angela;MOVIMENTO 5 STELLE;#fad140
21;15;INVIDIA Niccolo';MOVIMENTO 5 STELLE;#fad140
22;15;IORIO Marianna;MOVIMENTO 5 STELLE;#fad140
23;15;IOVINO Luigi;MOVIMENTO 5 STELLE;#fad140
24;15;L'ABBATE Giuseppe;MOVIMENTO 5 STELLE;#fad140
10;16;LICATINI Caterina;MOVIMENTO 5 STELLE;#fad140
11;16;LIUZZI Mirella;MOVIMENTO 5 STELLE;#fad140
12;16;LOREFICE Marialucia;MOVIMENTO 5 STELLE;#fad140
13;16;LORENZONI Gabriele;MOVIMENTO 5 STELLE;#fad140
14;16;LOVECCHIO Giorgio;MOVIMENTO 5 STELLE;#fad140
15;16;MACINA Anna;MOVIMENTO 5 STELLE;#fad140
16;16;MAGLIONE Pasquale;MOVIMENTO 5 STELLE;#fad140
17;16;MAMMI' Stefania;MOVIMENTO 5 STELLE;#fad140
18;16;MANCA Alberto;MOVIMENTO 5 STELLE;#fad140
19;16;MANIERO Alvise;MOVIMENTO 5 STELLE;#fad140
20;16;MANZO Teresa;MOVIMENTO 5 STELLE;#fad140
21;16;MARAIA Generoso;MOVIMENTO 5 STELLE;#fad140
22;16;MARIANI Felice;MOVIMENTO 5 STELLE;#fad140
23;16;MARINO Bernardo;MOVIMENTO 5 STELLE;#fad140
24;16;MARTINCIGLIO Vita;MOVIMENTO 5 STELLE;#fad140
10;17;MARZANA Maria;MOVIMENTO 5 STELLE;#fad140
11;17;MASI Angela;MOVIMENTO 5 STELLE;#fad140
12;17;MELICCHIO Alessandro;MOVIMENTO 5 STELLE;#fad140
13;17;MENGA #ffc8ec;MOVIMENTO 5 STELLE;#fad140
14;17;MICILLO Salvatore;MOVIMENTO 5 STELLE;#fad140
15;17;MIGLIORINO Luca;MOVIMENTO 5 STELLE;#fad140
16;17;MISITI Carmelo Massimo;MOVIMENTO 5 STELLE;#fad140
17;17;NAPPI Silvana;MOVIMENTO 5 STELLE;#fad140
18;17;NESCI Dalila;MOVIMENTO 5 STELLE;#fad140
19;17;OLGIATI Riccardo;MOVIMENTO 5 STELLE;#fad140
20;17;ORRICO Anna Laura;MOVIMENTO 5 STELLE;#fad140
21;17;PALLINI Maria;MOVIMENTO 5 STELLE;#fad140
22;17;PALMISANO Valentina;MOVIMENTO 5 STELLE;#fad140
23;17;PAPIRO Antonella;MOVIMENTO 5 STELLE;#fad140
24;17;PARENTELA Paolo;MOVIMENTO 5 STELLE;#fad140
10;18;PARISSE Martina;MOVIMENTO 5 STELLE;#fad140
11;18;PAXIA Maria Laura;MOVIMENTO 5 STELLE;#fad140
12;18;PENNA Leonardo Salvatore;MOVIMENTO 5 STELLE;#fad140
13;18;PERANTONI Mario;MOVIMENTO 5 STELLE;#fad140
14;18;PERCONTI Filippo Giuseppe;MOVIMENTO 5 STELLE;#fad140
15;18;PIGNATONE Dedalo Cosimo Gaetano;MOVIMENTO 5 STELLE;#fad140
16;18;PROVENZA Nicola;MOVIMENTO 5 STELLE;#fad140
17;18;RADUZZI Raphael;MOVIMENTO 5 STELLE;#fad140
18;18;RAFFA Angela;MOVIMENTO 5 STELLE;#fad140
19;18;RICCIARDI Riccardo;MOVIMENTO 5 STELLE;#fad140
20;18;RIZZO Gianluca;MOVIMENTO 5 STELLE;#fad140
21;18;ROMANIELLO Cristian;MOVIMENTO 5 STELLE;#fad140
22;18;ROSSINI Roberto;MOVIMENTO 5 STELLE;#fad140
23;18;RUGGIERO Francesca Anna;MOVIMENTO 5 STELLE;#fad140
24;18;RUOCCO Carla;MOVIMENTO 5 STELLE;#fad140
10;19;RUSSO Giovanni;MOVIMENTO 5 STELLE;#fad140
11;19;SAITTA Eugenio;MOVIMENTO 5 STELLE;#fad140
12;19;SALAFIA Angela;MOVIMENTO 5 STELLE;#fad140
13;19;SAPIA Francesco;MOVIMENTO 5 STELLE;#fad140
14;19;SARLI Doriana;MOVIMENTO 5 STELLE;#fad140
15;19;SARTI Giulia;MOVIMENTO 5 STELLE;#fad140
16;19;SCAGLIUSI Emanuele;MOVIMENTO 5 STELLE;#fad140
17;19;SCANU Lucia;MOVIMENTO 5 STELLE;#fad140
18;19;SCERRA Filippo;MOVIMENTO 5 STELLE;#fad140
19;19;SCUTELLA' Elisa;MOVIMENTO 5 STELLE;#fad140
20;19;SEGNERI Enrica;MOVIMENTO 5 STELLE;#fad140
21;19;SERRITELLA Davide;MOVIMENTO 5 STELLE;#fad140
22;19;SIBILIA Carlo;MOVIMENTO 5 STELLE;#fad140
23;19;SILVESTRI Francesco;MOVIMENTO 5 STELLE;#fad140
24;19;SODANO Michele;MOVIMENTO 5 STELLE;#fad140
10;20;SPADAFORA Vincenzo;MOVIMENTO 5 STELLE;#fad140
11;20;SPADONI Maria Edera;MOVIMENTO 5 STELLE;#fad140
12;20;SPESSOTTO Arianna;MOVIMENTO 5 STELLE;#fad140
13;20;SPORTIELLO Gilda;MOVIMENTO 5 STELLE;#fad140
14;20;SURIANO Simona;MOVIMENTO 5 STELLE;#fad140
15;20;SUT Luca;MOVIMENTO 5 STELLE;#fad140
16;20;TERMINI Guia;MOVIMENTO 5 STELLE;#fad140
17;20;TERZONI Patrizia;MOVIMENTO 5 STELLE;#fad140
18;20;TESTAMENTO #ffc8ec Alba;MOVIMENTO 5 STELLE;#fad140
19;20;TOFALO Angelo;MOVIMENTO 5 STELLE;#fad140
20;20;TORTO Daniela;MOVIMENTO 5 STELLE;#fad140
21;20;TRAVERSI Roberto;MOVIMENTO 5 STELLE;#fad140
22;20;TRIPIEDI Davide;MOVIMENTO 5 STELLE;#fad140
23;20;TRIPODI Elisa;MOVIMENTO 5 STELLE;#fad140
24;20;TRIZZINO Giorgio;MOVIMENTO 5 STELLE;#fad140
10;21;TROIANO Francesca;MOVIMENTO 5 STELLE;#fad140
11;21;TUCCI Riccardo;MOVIMENTO 5 STELLE;#fad140
12;21;TUZI Manuel;MOVIMENTO 5 STELLE;#fad140
13;21;VACCA Gianluca;MOVIMENTO 5 STELLE;#fad140
14;21;VALENTE Simone;MOVIMENTO 5 STELLE;#fad140
15;21;VALLASCAS Andrea;MOVIMENTO 5 STELLE;#fad140
16;21;VARRICA Adriano;MOVIMENTO 5 STELLE;#fad140
17;21;VIANELLO Giovanni;MOVIMENTO 5 STELLE;#fad140
18;21;VIGNAROLI Stefano;MOVIMENTO 5 STELLE;#fad140
19;21;VILLANI Virginia;MOVIMENTO 5 STELLE;#fad140
20;21;VILLA#ffc8ec Alessio Mattia;MOVIMENTO 5 STELLE;#fad140
21;21;VOLPI Leda;MOVIMENTO 5 STELLE;#fad140
22;21;ZANICHELLI Davide;MOVIMENTO 5 STELLE;#fad140
23;21;ZOLEZZI Alberto;MOVIMENTO 5 STELLE;#fad140
24;21;ANGELUCCI Antonio;FORZA ITALIA - BERLUSCONI PRESIDENTE;#58fcf8
10;22;APREA Valentina;FORZA ITALIA - BERLUSCONI PRESIDENTE;#58fcf8
11;22;BAGNASCO Roberto;FORZA ITALIA - BERLUSCONI PRESIDENTE;#58fcf8
12;22;BALDELLI Simone;FORZA ITALIA - BERLUSCONI PRESIDENTE;#58fcf8
13;22;BALDINI Maria Teresa;FORZA ITALIA - BERLUSCONI PRESIDENTE;#58fcf8
14;22;BARATTO Raffaele;FORZA ITALIA - BERLUSCONI PRESIDENTE;#58fcf8
15;22;BARELLI Paolo;FORZA ITALIA - BERLUSCONI PRESIDENTE;#58fcf8
16;22;BARONI Anna Lisa;FORZA ITALIA - BERLUSCONI PRESIDENTE;#58fcf8
17;22;BARTOLOZZI Giusi;FORZA ITALIA - BERLUSCONI PRESIDENTE;#58fcf8
18;22;BATTILOCCHIO Alessandro;FORZA ITALIA - BERLUSCONI PRESIDENTE;#58fcf8
19;22;BERGAMINI Deborah;FORZA ITALIA - BERLUSCONI PRESIDENTE;#58fcf8
20;22;BIANCOFIORE Michaela;FORZA ITALIA - BERLUSCONI PRESIDENTE;#58fcf8
21;22;BOND Dario;FORZA ITALIA - BERLUSCONI PRESIDENTE;#58fcf8
22;22;BRAMBILLA Michela Vittoria;FORZA ITALIA - BERLUSCONI PRESIDENTE;#58fcf8
23;22;BRUNETTA Renato;FORZA ITALIA - BERLUSCONI PRESIDENTE;#58fcf8
24;22;CALABRIA Annagrazia;FORZA ITALIA - BERLUSCONI PRESIDENTE;#58fcf8
10;23;CANNATELLI Pasquale;FORZA ITALIA - BERLUSCONI PRESIDENTE;#58fcf8
11;23;CANNIZZARO Francesco;FORZA ITALIA - BERLUSCONI PRESIDENTE;#58fcf8
12;23;CAON Roberto;FORZA ITALIA - BERLUSCONI PRESIDENTE;#58fcf8
13;23;CAPPELLACCI Ugo;FORZA ITALIA - BERLUSCONI PRESIDENTE;#58fcf8
14;23;CARFAGNA Maria #ffc8ecria;FORZA ITALIA - BERLUSCONI PRESIDENTE;#58fcf8
15;23;CASCIELLO Luigi;FORZA ITALIA - BERLUSCONI PRESIDENTE;#58fcf8
16;23;CASINO Michele;FORZA ITALIA - BERLUSCONI PRESIDENTE;#58fcf8
17;23;CASSINELLI Roberto;FORZA ITALIA - BERLUSCONI PRESIDENTE;#58fcf8
18;23;CATTANEO Alessandro;FORZA ITALIA - BERLUSCONI PRESIDENTE;#58fcf8
19;23;CORTELAZZO Piergiorgio;FORZA ITALIA - BERLUSCONI PRESIDENTE;#58fcf8
20;23;CRISTINA Mirella;FORZA ITALIA - BERLUSCONI PRESIDENTE;#58fcf8
21;23;DALL'OSSO Matteo;FORZA ITALIA - BERLUSCONI PRESIDENTE;#58fcf8
22;23;D'ATTIS Mauro;FORZA ITALIA - BERLUSCONI PRESIDENTE;#58fcf8
23;23;DELLA FRERA Guido;FORZA ITALIA - BERLUSCONI PRESIDENTE;#58fcf8
24;23;D'ETTORE Felice Maurizio;FORZA ITALIA - BERLUSCONI PRESIDENTE;#58fcf8
10;24;FASANO Vincenzo;FORZA ITALIA - BERLUSCONI PRESIDENTE;#58fcf8
11;24;FASCINA Marta Antonia;FORZA ITALIA - BERLUSCONI PRESIDENTE;#58fcf8
12;24;FATUZZO Carlo;FORZA ITALIA - BERLUSCONI PRESIDENTE;#58fcf8
13;24;FERRAIOLI Marzia;FORZA ITALIA - BERLUSCONI PRESIDENTE;#58fcf8
14;24;FITZGERALD NISSOLI #ebc6e9;FORZA ITALIA - BERLUSCONI PRESIDENTE;#58fcf8
15;24;FONTANA Gregorio;FORZA ITALIA - BERLUSCONI PRESIDENTE;#58fcf8
16;24;GELMINI Mariastella;FORZA ITALIA - BERLUSCONI PRESIDENTE;#58fcf8
17;24;GIACOMETTO Carlo;FORZA ITALIA - BERLUSCONI PRESIDENTE;#58fcf8
18;24;GIACOMONI Sestino;FORZA ITALIA - BERLUSCONI PRESIDENTE;#58fcf8
19;24;GIANNONE Veronica;FORZA ITALIA - BERLUSCONI PRESIDENTE;#58fcf8
20;24;LABRIOLA Vincenza;FORZA ITALIA - BERLUSCONI PRESIDENTE;#58fcf8
21;24;MANDELLI Andrea;FORZA ITALIA - BERLUSCONI PRESIDENTE;#58fcf8
22;24;MARIN Marco;FORZA ITALIA - BERLUSCONI PRESIDENTE;#58fcf8
23;24;MARROCCO Patrizia;FORZA ITALIA - BERLUSCONI PRESIDENTE;#58fcf8
24;24;MARTINO Antonio;FORZA ITALIA - BERLUSCONI PRESIDENTE;#58fcf8
10;25;MAZZETTI Erica;FORZA ITALIA - BERLUSCONI PRESIDENTE;#58fcf8
11;25;MILANATO Lorena;FORZA ITALIA - BERLUSCONI PRESIDENTE;#58fcf8
12;25;MUGNAI Stefano;FORZA ITALIA - BERLUSCONI PRESIDENTE;#58fcf8
13;25;MULE' Giorgio;FORZA ITALIA - BERLUSCONI PRESIDENTE;#58fcf8
14;25;MUSELLA Graziano;FORZA ITALIA - BERLUSCONI PRESIDENTE;#58fcf8
15;25;NAPOLI Osvaldo;FORZA ITALIA - BERLUSCONI PRESIDENTE;#58fcf8
16;25;NEVI Raffaele;FORZA ITALIA - BERLUSCONI PRESIDENTE;#58fcf8
17;25;NOVELLI Roberto;FORZA ITALIA - BERLUSCONI PRESIDENTE;#58fcf8
18;25;OCCHIUTO Roberto;FORZA ITALIA - BERLUSCONI PRESIDENTE;#58fcf8
19;25;ORSINI Andrea;FORZA ITALIA - BERLUSCONI PRESIDENTE;#58fcf8
20;25;PALMIERI Antonio;FORZA ITALIA - BERLUSCONI PRESIDENTE;#58fcf8
21;25;PELLA Roberto;FORZA ITALIA - BERLUSCONI PRESIDENTE;#58fcf8
22;25;PENTANGELO Antonio;FORZA ITALIA - BERLUSCONI PRESIDENTE;#58fcf8
23;25;PEREGO DI CREMNAGO Matteo;FORZA ITALIA - BERLUSCONI PRESIDENTE;#58fcf8
24;25;PETTARIN Guido Germano;FORZA ITALIA - BERLUSCONI PRESIDENTE;#58fcf8
10;26;PITTALIS Pietro;FORZA ITALIA - BERLUSCONI PRESIDENTE;#58fcf8
11;26;POLIDORI Catia;FORZA ITALIA - BERLUSCONI PRESIDENTE;#58fcf8
12;26;PORCHIETTO Claudia;FORZA ITALIA - BERLUSCONI PRESIDENTE;#58fcf8
13;26;PRESTIGIACOMO Stefania;FORZA ITALIA - BERLUSCONI PRESIDENTE;#58fcf8
14;26;RIPANI Elisabetta;FORZA ITALIA - BERLUSCONI PRESIDENTE;#58fcf8
15;26;ROSSELLO Cristina;FORZA ITALIA - BERLUSCONI PRESIDENTE;#58fcf8
16;26;#ff0000 Roberto;FORZA ITALIA - BERLUSCONI PRESIDENTE;#58fcf8
17;26;ROTONDI Gianfranco;FORZA ITALIA - BERLUSCONI PRESIDENTE;#58fcf8
18;26;RUFFINO Daniela;FORZA ITALIA - BERLUSCONI PRESIDENTE;#58fcf8
19;26;RUGGIERI Andrea;FORZA ITALIA - BERLUSCONI PRESIDENTE;#58fcf8
20;26;RUSSO Paolo;FORZA ITALIA - BERLUSCONI PRESIDENTE;#58fcf8
21;26;SACCANI JOTTI Gloria;FORZA ITALIA - BERLUSCONI PRESIDENTE;#58fcf8
22;26;SARRO Carlo;FORZA ITALIA - BERLUSCONI PRESIDENTE;#58fcf8
23;26;SAVINO Elvira;FORZA ITALIA - BERLUSCONI PRESIDENTE;#58fcf8
24;26;SAVINO Sandra;FORZA ITALIA - BERLUSCONI PRESIDENTE;#58fcf8
10;27;SIBILIA Cosimo;FORZA ITALIA - BERLUSCONI PRESIDENTE;#58fcf8
11;27;SIRACUSANO Matilde;FORZA ITALIA - BERLUSCONI PRESIDENTE;#58fcf8
12;27;SISTO Francesco Paolo;FORZA ITALIA - BERLUSCONI PRESIDENTE;#58fcf8
13;27;SOZZANI Diego;FORZA ITALIA - BERLUSCONI PRESIDENTE;#58fcf8
14;27;SPENA Maria;FORZA ITALIA - BERLUSCONI PRESIDENTE;#58fcf8
15;27;SQUERI Luca;FORZA ITALIA - BERLUSCONI PRESIDENTE;#58fcf8
16;27;TARTAGLIONE Annaelsa;FORZA ITALIA - BERLUSCONI PRESIDENTE;#58fcf8
17;27;TORROMINO Sergio;FORZA ITALIA - BERLUSCONI PRESIDENTE;#58fcf8
18;27;TRIPODI Maria;FORZA ITALIA - BERLUSCONI PRESIDENTE;#58fcf8
19;27;VALENTINI Valentino;FORZA ITALIA - BERLUSCONI PRESIDENTE;#58fcf8
20;27;VERSACE Giuseppina;FORZA ITALIA - BERLUSCONI PRESIDENTE;#58fcf8
21;27;VIETINA Simona;FORZA ITALIA - BERLUSCONI PRESIDENTE;#58fcf8
22;27;VITO Elio;FORZA ITALIA - BERLUSCONI PRESIDENTE;#58fcf8
23;27;ZANETTIN Pierantonio;FORZA ITALIA - BERLUSCONI PRESIDENTE;#58fcf8
24;27;ZANGRILLO Paolo;FORZA ITALIA - BERLUSCONI PRESIDENTE;#58fcf8
10;28;ALBANO Lucia;FRATELLI D'ITALIA;#1617fa
11;28;BELLUCCI Maria Teresa;FRATELLI D'ITALIA;#1617fa
12;28;BIGNAMI Galeazzo;FRATELLI D'ITALIA;#1617fa
13;28;BUCALO Carmela;FRATELLI D'ITALIA;#1617fa
14;28;BUTTI Alessio;FRATELLI D'ITALIA;#1617fa
15;28;CAIATA Salvatore;FRATELLI D'ITALIA;#1617fa
16;28;CARETTA Maria Cristina;FRATELLI D'ITALIA;#1617fa
17;28;CIABURRO Monica;FRATELLI D'ITALIA;#1617fa
18;28;CIRIELLI Edmondo;FRATELLI D'ITALIA;#1617fa
19;28;DEIDDA Salvatore;FRATELLI D'ITALIA;#1617fa
20;28;DELMASTRO DELLE VEDOVE Andrea;FRATELLI D'ITALIA;#1617fa
21;28;DONZELLI Giovanni;FRATELLI D'ITALIA;#1617fa
22;28;FERRO Wanda;FRATELLI D'ITALIA;#1617fa
23;28;FOTI Tommaso;FRATELLI D'ITALIA;#1617fa
24;28;FRASSINETTI Paola;FRATELLI D'ITALIA;#1617fa
10;29;GALANTINO Davide;FRATELLI D'ITALIA;#1617fa
11;29;GEMMATO Marcello;FRATELLI D'ITALIA;#1617fa
12;29;LOLLOBRIGIDA Francesco;FRATELLI D'ITALIA;#1617fa
13;29;LUCASELLI Ylenja;FRATELLI D'ITALIA;#1617fa
14;29;MANTOVANI Lucrezia Maria Benedetta;FRATELLI D'ITALIA;#1617fa
15;29;MASCHIO Ciro;FRATELLI D'ITALIA;#1617fa
16;29;MELONI Giorgia;FRATELLI D'ITALIA;#1617fa
17;29;MOLLICONE Federico;FRATELLI D'ITALIA;#1617fa
18;29;MONTARULI Augusta;FRATELLI D'ITALIA;#1617fa
19;29;OSNATO Marco;FRATELLI D'ITALIA;#1617fa
20;29;PRISCO Emanuele;FRATELLI D'ITALIA;#1617fa
21;29;RAMPELLI Fabio;FRATELLI D'ITALIA;#1617fa
22;29;RIZZETTO Walter;FRATELLI D'ITALIA;#1617fa
23;29;ROTELLI Mauro;FRATELLI D'ITALIA;#1617fa
24;29;SILVESTRONI Marco;FRATELLI D'ITALIA;#1617fa
10;30;TRANCASSINI Paolo;FRATELLI D'ITALIA;#1617fa
11;30;VARCHI Maria Carolina;FRATELLI D'ITALIA;#1617fa
12;30;ZUCCONI Riccardo;FRATELLI D'ITALIA;#1617fa
13;30;ANDREUZZA Giorgia;LEGA - SALVINI PREMIER;#03a71e
14;30;BADOLE Mirco;LEGA - SALVINI PREMIER;#03a71e
15;30;BASINI Giuseppe;LEGA - SALVINI PREMIER;#03a71e
16;30;BAZZARO Alex;LEGA - SALVINI PREMIER;#03a71e
17;30;BELLACHIOMA Giuseppe Ercole;LEGA - SALVINI PREMIER;#03a71e
18;30;BELOTTI Daniele;LEGA - SALVINI PREMIER;#03a71e
19;30;BENVENUTO Alessandro Manuel;LEGA - SALVINI PREMIER;#03a71e
20;30;BIANCHI Matteo Luigi;LEGA - SALVINI PREMIER;#03a71e
21;30;BILLI Simone;LEGA - SALVINI PREMIER;#03a71e
22;30;BINELLI Diego;LEGA - SALVINI PREMIER;#03a71e
23;30;BISA Ingrid;LEGA - SALVINI PREMIER;#03a71e
24;30;BITONCI Massimo;LEGA - SALVINI PREMIER;#03a71e
10;31;BOLDI Rossana;LEGA - SALVINI PREMIER;#03a71e
11;31;BONIARDI Fabio Massimo;LEGA - SALVINI PREMIER;#03a71e
12;31;BORDONALI Simona;LEGA - SALVINI PREMIER;#03a71e
13;31;BORGHI Claudio;LEGA - SALVINI PREMIER;#03a71e
14;31;BUBISUTTI Aurelia;LEGA - SALVINI PREMIER;#03a71e
15;31;CAFFARATTO Gualtiero;LEGA - SALVINI PREMIER;#03a71e
16;31;CANTALAMESSA Gianluca;LEGA - SALVINI PREMIER;#03a71e
17;31;CAPARVI Virginio;LEGA - SALVINI PREMIER;#03a71e
18;31;CAPITANIO Massimiliano;LEGA - SALVINI PREMIER;#03a71e
19;31;CARRARA Maurizio;LEGA - SALVINI PREMIER;#03a71e
20;31;CASTIELLO Giuseppina;LEGA - SALVINI PREMIER;#03a71e
21;31;CATTOI Vanessa;LEGA - SALVINI PREMIER;#03a71e
22;31;CAVANDOLI Laura;LEGA - SALVINI PREMIER;#03a71e
23;31;CECCHETTI Fabrizio;LEGA - SALVINI PREMIER;#03a71e
24;31;CENTEMERO Giulio;LEGA - SALVINI PREMIER;#03a71e
10;32;CESTARI Emanuele;LEGA - SALVINI PREMIER;#03a71e
11;32;COIN Dimitri;LEGA - SALVINI PREMIER;#03a71e
12;32;COLLA Jari;LEGA - SALVINI PREMIER;#03a71e
13;32;COLMELLERE Angela;LEGA - SALVINI PREMIER;#03a71e
14;32;COMAROLI Silvana Andreina;LEGA - SALVINI PREMIER;#03a71e
15;32;COMENCINI Vito;LEGA - SALVINI PREMIER;#03a71e
16;32;COVOLO Silvia;LEGA - SALVINI PREMIER;#03a71e
17;32;CRIPPA Andrea;LEGA - SALVINI PREMIER;#03a71e
18;32;DARA Andrea;LEGA - SALVINI PREMIER;#03a71e
19;32;DE ANGELIS Sara;LEGA - SALVINI PREMIER;#03a71e
20;32;DE MARTINI Guido;LEGA - SALVINI PREMIER;#03a71e
21;32;D'ERAMO Luigi;LEGA - SALVINI PREMIER;#03a71e
22;32;DI MURO Flavio;LEGA - SALVINI PREMIER;#03a71e
23;32;DI SAN MARTINO LORENZATO DI IVREA Luis Roberto;LEGA - SALVINI PREMIER;#03a71e
24;32;DONINA Giuseppe Cesare;LEGA - SALVINI PREMIER;#03a71e
10;33;DURIGON Claudio;LEGA - SALVINI PREMIER;#03a71e
11;33;FANTUZ Marica;LEGA - SALVINI PREMIER;#03a71e
12;33;FERRARI Roberto Paolo;LEGA - SALVINI PREMIER;#03a71e
13;33;FIORINI Benedetta;LEGA - SALVINI PREMIER;#03a71e
14;33;FOGLIANI Ketty;LEGA - SALVINI PREMIER;#03a71e
15;33;FONTANA Lorenzo;LEGA - SALVINI PREMIER;#03a71e
16;33;FORMENTINI Paolo;LEGA - SALVINI PREMIER;#03a71e
17;33;FOSCOLO Sara;LEGA - SALVINI PREMIER;#03a71e
18;33;FRASSINI Rebecca;LEGA - SALVINI PREMIER;#03a71e
19;33;FURGIUELE Domenico;LEGA - SALVINI PREMIER;#03a71e
20;33;GALLI Dario;LEGA - SALVINI PREMIER;#03a71e
21;33;GARAVAGLIA Massimo;LEGA - SALVINI PREMIER;#03a71e
22;33;GASTALDI Flavio;LEGA - SALVINI PREMIER;#03a71e
23;33;GAVA Vannia;LEGA - SALVINI PREMIER;#03a71e
24;33;GERARDI Francesca;LEGA - SALVINI PREMIER;#03a71e
10;34;GIACCONE Andrea;LEGA - SALVINI PREMIER;#03a71e
11;34;GIACOMETTI Antonietta;LEGA - SALVINI PREMIER;#03a71e
12;34;GIGLIO VIGNA Alessandro;LEGA - SALVINI PREMIER;#03a71e
13;34;GIORGETTI Giancarlo;LEGA - SALVINI PREMIER;#03a71e
14;34;GOBBATO Claudia;LEGA - SALVINI PREMIER;#03a71e
15;34;GOLINELLI Guglielmo;LEGA - SALVINI PREMIER;#03a71e
16;34;GRIMOLDI Paolo;LEGA - SALVINI PREMIER;#03a71e
17;34;GUIDESI Guido;LEGA - SALVINI PREMIER;#03a71e
18;34;GUSMEROLI Alberto Luigi;LEGA - SALVINI PREMIER;#03a71e
19;34;IEZZI Igor Giancarlo;LEGA - SALVINI PREMIER;#03a71e
20;34;INVERNIZZI Cristian;LEGA - SALVINI PREMIER;#03a71e
21;34;LAZZARINI Arianna;LEGA - SALVINI PREMIER;#03a71e
22;34;LEGNAIOLI Donatella;LEGA - SALVINI PREMIER;#03a71e
23;34;LIUNI Marzio;LEGA - SALVINI PREMIER;#03a71e
24;34;LOCATELLI Alessandra;LEGA - SALVINI PREMIER;#03a71e
10;35;LOLINI Mario;LEGA - SALVINI PREMIER;#03a71e
11;35;LORENZONI Eva;LEGA - SALVINI PREMIER;#03a71e
12;35;LOSS Martina;LEGA - SALVINI PREMIER;#03a71e
13;35;LUCCHINI Elena;LEGA - SALVINI PREMIER;#03a71e
14;35;LUCENTINI Mauro;LEGA - SALVINI PREMIER;#03a71e
15;35;MACCANTI Elena;LEGA - SALVINI PREMIER;#03a71e
16;35;MAGGIONI Marco;LEGA - SALVINI PREMIER;#03a71e
17;35;MANZATO Franco;LEGA - SALVINI PREMIER;#03a71e
18;35;MARCHETTI Riccardo Augusto;LEGA - SALVINI PREMIER;#03a71e
19;35;MATURI Filippo;LEGA - SALVINI PREMIER;#03a71e
20;35;MINARDO Antonino;LEGA - SALVINI PREMIER;#03a71e
21;35;MOLINARI Riccardo;LEGA - SALVINI PREMIER;#03a71e
22;35;MOLTENI Nicola;LEGA - SALVINI PREMIER;#03a71e
23;35;MORELLI Alessandro;LEGA - SALVINI PREMIER;#03a71e
24;35;MORRONE Jacopo;LEGA - SALVINI PREMIER;#03a71e
10;36;MOSCHIONI Daniele;LEGA - SALVINI PREMIER;#03a71e
11;36;MURELLI Elena;LEGA - SALVINI PREMIER;#03a71e
12;36;PAGANO Alessandro;LEGA - SALVINI PREMIER;#03a71e
13;36;PANIZZUT Massimiliano;LEGA - SALVINI PREMIER;#03a71e
14;36;PAOLIN Giuseppe;LEGA - SALVINI PREMIER;#03a71e
15;36;PAOLINI Luca Rodolfo;LEGA - SALVINI PREMIER;#03a71e
16;36;PAROLO Ugo;LEGA - SALVINI PREMIER;#03a71e
17;36;PATASSINI Tullio;LEGA - SALVINI PREMIER;#03a71e
18;36;PATELLI Cristina;LEGA - SALVINI PREMIER;#03a71e
19;36;PATERNOSTER Paolo;LEGA - SALVINI PREMIER;#03a71e
20;36;PETTAZZI Lino;LEGA - SALVINI PREMIER;#03a71e
21;36;PIASTRA Carlo;LEGA - SALVINI PREMIER;#03a71e
22;36;PICCHI Guglielmo;LEGA - SALVINI PREMIER;#03a71e
23;36;PICCOLO Tiziana;LEGA - SALVINI PREMIER;#03a71e
24;36;POTENTI Manfredi;LEGA - SALVINI PREMIER;#03a71e
10;37;PRETTO Erik Umberto;LEGA - SALVINI PREMIER;#03a71e
11;37;RACCHELLA Germano;LEGA - SALVINI PREMIER;#03a71e
12;37;RAFFAELLI Elena;LEGA - SALVINI PREMIER;#03a71e
13;37;RAVETTO Laura;LEGA - SALVINI PREMIER;#03a71e
14;37;RIBOLLA Alberto;LEGA - SALVINI PREMIER;#03a71e
15;37;RIXI Edoardo;LEGA - SALVINI PREMIER;#03a71e
16;37;SALTAMARTINI Barbara;LEGA - SALVINI PREMIER;#03a71e
17;37;SASSO Rossano;LEGA - SALVINI PREMIER;#03a71e
18;37;STEFANI Alberto;LEGA - SALVINI PREMIER;#03a71e
19;37;SUTTO Mauro;LEGA - SALVINI PREMIER;#03a71e
20;37;TARANTINO Leonardo;LEGA - SALVINI PREMIER;#03a71e
21;37;TATEO Anna Rita;LEGA - SALVINI PREMIER;#03a71e
22;37;TIRAMANI Paolo;LEGA - SALVINI PREMIER;#03a71e
23;37;TOCCALINI Luca;LEGA - SALVINI PREMIER;#03a71e
24;37;TOMASI Maura;LEGA - SALVINI PREMIER;#03a71e
10;38;TOMBOLATO Giovanni Battista;LEGA - SALVINI PREMIER;#03a71e
11;38;TONELLI Gianni;LEGA - SALVINI PREMIER;#03a71e
12;38;TURRI Roberto;LEGA - SALVINI PREMIER;#03a71e
13;38;VALBUSA Vania;LEGA - SALVINI PREMIER;#03a71e
14;38;VALLOTTO Sergio;LEGA - SALVINI PREMIER;#03a71e
15;38;VINCI Gianluca;LEGA - SALVINI PREMIER;#03a71e
16;38;VIVIANI Lorenzo;LEGA - SALVINI PREMIER;#03a71e
17;38;VOLPI Raffaele;LEGA - SALVINI PREMIER;#03a71e
18;38;ZANELLA Federica;LEGA - SALVINI PREMIER;#03a71e
19;38;ZENNARO Antonio;LEGA - SALVINI PREMIER;#03a71e
20;38;ZICCHIERI Francesco;LEGA - SALVINI PREMIER;#03a71e
21;38;ZIELLO Edoardo;LEGA - SALVINI PREMIER;#03a71e
22;38;ZOFFILI Eugenio;LEGA - SALVINI PREMIER;#03a71e
23;38;ZORDAN Adolfo;LEGA - SALVINI PREMIER;#03a71e
24;38;ACUNZO Nicola;Misto;#737874
10;39;AIELLO Piera;Misto;#737874
11;39;ANGIOLA Nunzio;Misto;#737874
12;39;APRILE Nadia;Misto;#737874
13;39;BENEDETTI Silvia;Misto;#737874
14;39;BENIGNI Stefano;Misto;#737874
15;39;BERARDINI Fabio;Misto;#737874
16;39;BOLOGNA Fabiola;Misto;#737874
17;39;CARDINALE Daniela;Misto;#737874
18;39;COLUCCI Alessandro;Misto;#737874
19;39;COSTA Enrico;Misto;#737874
20;39;CUNIAL Sara;Misto;#737874
21;39;DE GIORGI #ffc8eclba;Misto;#737874
22;39;DE GIROLAMO Carlo Ugo;Misto;#737874
23;39;DE TOMA Massimiliano;Misto;#737874
24;39;ERMELLINO Alessandra;Misto;#737874
10;40;FIORAMONTI Lorenzo;Misto;#737874
11;40;FRATE Flora;Misto;#737874
12;40;FUSACCHIA Alessandro;Misto;#737874
13;40;GAGLIARDI Manuela;Misto;#737874
14;40;GEBHARD Renate;Misto;#737874
15;40;GERMANA' Antonino;Misto;#737874
16;40;LAPIA Mara;Misto;#737874
17;40;LOMBARDO Antonio;Misto;#737874
18;40;LO MONTE Carmelo;Misto;#737874
19;40;LUPI Maurizio;Misto;#737874
20;40;MAGI Riccardo;Misto;#737874
21;40;PEDRAZZINI Claudio;Misto;#737874
22;40;PLANGGER Albrecht;Misto;#737874
23;40;POLVERINI Renata;Misto;#737874
24;40;RIZZONE Marco;Misto;#737874
10;41;ROMANO Paolo Nicolo';Misto;#737874
11;41;ROSPI Gianluca;Misto;#737874
12;41;ROSSINI Emanuela;Misto;#737874
13;41;SANGREGORIO Eugenio;Misto;#737874
14;41;SCHULLIAN Manfred;Misto;#737874
15;41;SGARBI Vittorio;Misto;#737874
16;41;SILLI Giorgio;Misto;#737874
17;41;SILVESTRI Rachele;Misto;#737874
18;41;SIRAGUSA Elisa;Misto;#737874
19;41;SORTE Alessandro;Misto;#737874
20;41;TABACCI Bruno;Misto;#737874
21;41;TONDO Renzo;Misto;#737874
22;41;TRANO Raffaele;Misto;#737874
23;41;VIZZINI Gloria;Misto;#737874
